Index,Organization Id,Name
1,FAB0d41d5b5d22c,Ferrell LLC
2,,"Mckinney, Riley and Day"
3,0bFED1ADAE4bcC1,Hester Ltd
4,2bFC1Be8a4ce42f,Holder-Sellers
5,9eE8A6a4Eb96C24,
6,cC757116fe1C085,Henry-Thompson
7,219233e8aFF1BC3,Hansen-Everett
8,ccc93DCF81a31CD,Mcintosh-Mora
9,0B4F93aA06ED03e,Carr Inc
10,738b5aDe6B1C6A5,Gaines Inc
11,AE61b8Ffebbc476,Kidd Group
12,,Crane-Clarke
13,8D0c29189C9798B,"Keller, Campos and Black"
14,D2c91cc03CA394c,Glover-Pope
15,C8AC1eaf9C036F4,Pacheco-Spears
16,b5D10A14f7a8AfE,Hodge-Ayers
17,68139b5C4De03B4,"Bowers, Guerra and Krause"
18,5c2EffEfdba2BdF,
19,,Branch-Mann
20,c1Ce9B350BAc66b,Weiss and Sons